{
  "jetson_only": {
    "device": "jetson_only",
    "timestamp": "2026-04-19T15:29:46.934504",
    "statistics": {
      "avg_fps": {
        "mean": 66.59599110508228,
        "std": 0.1402434535649888,
        "min": 66.49552555363033,
        "max": 66.8710545477386
      },
      "ate_rmse_m": {
        "mean": 0.048388549826210416,
        "std": 0.014639771125428663,
        "min": 0.023274978752110563,
        "max": 0.06618582670485916
      },
      "rpe_trans_rmse_m": {
        "mean": 0.020309263613304034,
        "std": 0.005353947362981909,
        "min": 0.014827993284148577,
        "max": 0.029132208064659437
      },
      "rpe_rot_rmse_deg": {
        "mean": 1.4473515137722237,
        "std": 0.5088127532953454,
        "min": 0.5015813834493863,
        "max": 1.9632027522019972
      },
      "avg_power_w": {
        "mean": 15.0,
        "std": 0.0,
        "min": 